Date,Average Positive Score,Average Negative Score,automotive,nonsense,energy,lifestyle,environment,travel,finance,science,politics
2021-09-30,0.2821551415655348,0.6394795782036251,0.26666666666666666,0.2111111111111111,0.34444444444444444,0.45555555555555555,0.6111111111111112,0.5111111111111111,0.35555555555555557,0.12222222222222222,0.12222222222222222
2021-10-01,0.2269129657998998,0.7217033892235858,0.2872340425531915,0.1595744680851064,0.35106382978723405,0.4574468085106383,0.6063829787234043,0.5212765957446809,0.4148936170212766,0.09574468085106383,0.10638297872340426
2021-10-02,0.41792283027336513,0.5230869275742563,0.46551724137931033,0.11206896551724138,0.3620689655172414,0.43103448275862066,0.5603448275862069,0.6120689655172413,0.3448275862068966,0.06896551724137931,0.04310344827586207
2021-10-03,0.30865076819404225,0.6124388008821205,0.39344262295081966,0.11475409836065574,0.39344262295081966,0.4426229508196721,0.6885245901639344,0.4918032786885246,0.3770491803278688,0.06557377049180328,0.03278688524590164
2021-10-04,0.2166515122942564,0.7083925479600409,0.2773109243697479,0.16806722689075632,0.2773109243697479,0.4957983193277311,0.6386554621848739,0.5966386554621849,0.42016806722689076,0.05042016806722689,0.07563025210084033
2021-10-05,0.23977107351476495,0.695115411823446,0.20454545454545456,0.19318181818181818,0.3181818181818182,0.4772727272727273,0.6931818181818182,0.4431818181818182,0.4659090909090909,0.09090909090909091,0.11363636363636363
2021-10-06,0.31837776914621013,0.6325499644646277,0.3076923076923077,0.16666666666666666,0.2692307692307692,0.4358974358974359,0.6282051282051282,0.44871794871794873,0.41025641025641024,0.1794871794871795,0.15384615384615385
2021-10-07,0.44881581041934715,0.4971027056666186,0.23357664233576642,0.13138686131386862,0.26277372262773724,0.5109489051094891,0.6277372262773723,0.635036496350365,0.35036496350364965,0.06569343065693431,0.18248175182481752
2021-10-08,0.3583154837290446,0.5714903122848934,0.17777777777777778,0.2222222222222222,0.32222222222222224,0.5111111111111111,0.6555555555555556,0.5333333333333333,0.4,0.08888888888888889,0.08888888888888889
2021-10-09,0.45925588763895486,0.4891779827220099,0.3333333333333333,0.09523809523809523,0.35714285714285715,0.5595238095238095,0.7380952380952381,0.5476190476190477,0.21428571428571427,0.10714285714285714,0.047619047619047616
2021-10-10,0.3208460982029255,0.6063174385290879,0.2923076923076923,0.09230769230769231,0.3384615384615385,0.49230769230769234,0.6461538461538462,0.6307692307692307,0.35384615384615387,0.1076923076923077,0.046153846153846156
2021-10-11,0.22594456547184993,0.7029354415441814,0.30526315789473685,0.1368421052631579,0.35789473684210527,0.3684210526315789,0.6421052631578947,0.6105263157894737,0.35789473684210527,0.14736842105263157,0.07368421052631578
2021-10-12,0.4142738756926163,0.5417920428773632,0.26956521739130435,0.20869565217391303,0.3217391304347826,0.45217391304347826,0.6347826086956522,0.5739130434782609,0.34782608695652173,0.0782608695652174,0.11304347826086956
2021-10-13,0.32538025817651856,0.6385040139329845,0.26436781609195403,0.12643678160919541,0.42528735632183906,0.39080459770114945,0.6896551724137931,0.5747126436781609,0.3333333333333333,0.11494252873563218,0.08045977011494253
2021-10-14,0.23726147357022986,0.702629416618707,0.19811320754716982,0.16037735849056603,0.3490566037735849,0.4811320754716981,0.6792452830188679,0.5566037735849056,0.44339622641509435,0.04716981132075472,0.08490566037735849
2021-10-15,0.25931670590185785,0.6804779793175173,0.18309859154929578,0.19014084507042253,0.2323943661971831,0.4154929577464789,0.6830985915492958,0.5774647887323944,0.5140845070422535,0.08450704225352113,0.11971830985915492
2021-10-16,0.3424985094650372,0.6101034726645496,0.35135135135135137,0.17567567567567569,0.2972972972972973,0.5405405405405406,0.5675675675675675,0.3783783783783784,0.43243243243243246,0.13513513513513514,0.12162162162162163
2021-10-17,0.24089513202102816,0.7046299765304643,0.30612244897959184,0.16326530612244897,0.336734693877551,0.6020408163265306,0.5612244897959183,0.4897959183673469,0.41836734693877553,0.07142857142857142,0.05102040816326531
2021-10-18,0.33229975563448827,0.6158577215832632,0.25,0.1891891891891892,0.30405405405405406,0.5135135135135135,0.5945945945945946,0.5405405405405406,0.4864864864864865,0.07432432432432433,0.0472972972972973
2021-10-19,0.20409424283674785,0.7493239630545888,0.16071428571428573,0.19642857142857142,0.2857142857142857,0.42857142857142855,0.7142857142857143,0.5625,0.45535714285714285,0.08035714285714286,0.11607142857142858
2021-10-20,0.3281457321397189,0.6143308686113905,0.26436781609195403,0.20689655172413793,0.3390804597701149,0.3620689655172414,0.6264367816091954,0.4942528735632184,0.5057471264367817,0.08045977011494253,0.1206896551724138
2021-10-21,0.294671830534935,0.6337363372246424,0.22777777777777777,0.16666666666666666,0.2777777777777778,0.4111111111111111,0.6611111111111111,0.5222222222222223,0.5444444444444444,0.10555555555555556,0.08333333333333333
2021-10-22,0.4106757508780428,0.5376464560360252,0.2155688622754491,0.19161676646706588,0.3592814371257485,0.4550898203592814,0.5988023952095808,0.5688622754491018,0.4550898203592814,0.09580838323353294,0.059880239520958084
2021-10-23,0.3908787985642751,0.5563029984633128,0.3333333333333333,0.13333333333333333,0.16666666666666666,0.4166666666666667,0.6833333333333333,0.6,0.5,0.13333333333333333,0.03333333333333333
2021-10-24,0.3358673746769245,0.6209190579561087,0.18461538461538463,0.1076923076923077,0.27692307692307694,0.5538461538461539,0.6923076923076923,0.46153846153846156,0.4,0.23076923076923078,0.09230769230769231
2021-10-25,0.3514421282908617,0.5860136284198596,0.25757575757575757,0.16017316017316016,0.30952380952380953,0.474025974025974,0.5584415584415584,0.6082251082251082,0.45670995670995673,0.11038961038961038,0.06493506493506493
2021-10-26,0.2981518449402657,0.6569313872762087,0.24369747899159663,0.18907563025210083,0.27310924369747897,0.46218487394957986,0.6260504201680672,0.5504201680672269,0.5126050420168067,0.1134453781512605,0.029411764705882353
2021-10-27,0.23976339256696108,0.6963077052838385,0.24293785310734464,0.1977401129943503,0.3333333333333333,0.480225988700565,0.5988700564971752,0.536723163841808,0.4576271186440678,0.0847457627118644,0.06779661016949153
2021-10-28,0.23846637725830078,0.7184910674095154,0.312,0.168,0.32,0.424,0.608,0.472,0.512,0.096,0.088
2021-10-29,0.25607451339247367,0.6895267074070279,0.1693121693121693,0.24867724867724866,0.30687830687830686,0.5661375661375662,0.6296296296296297,0.5026455026455027,0.4126984126984127,0.10582010582010581,0.0582010582010582
2021-10-30,0.3776332171339738,0.5782140430651213,0.22105263157894736,0.16842105263157894,0.3684210526315789,0.47368421052631576,0.6105263157894737,0.5684210526315789,0.4,0.10526315789473684,0.08421052631578947
2021-10-31,0.3780934250716007,0.5699674107811668,0.2727272727272727,0.2222222222222222,0.42424242424242425,0.494949494949495,0.6161616161616161,0.46464646464646464,0.32323232323232326,0.0707070707070707,0.1111111111111111
2021-11-01,0.307921347718586,0.6460242798958702,0.16475095785440613,0.20689655172413793,0.3333333333333333,0.4674329501915709,0.6934865900383141,0.4674329501915709,0.46360153256704983,0.10727969348659004,0.09578544061302682
2021-11-02,0.24805202658583478,0.7066752980395061,0.2731707317073171,0.2682926829268293,0.35609756097560974,0.36585365853658536,0.526829268292683,0.5219512195121951,0.4878048780487805,0.11219512195121951,0.08780487804878048
2021-11-03,0.2875238822056697,0.6556984983957731,0.2230769230769231,0.15384615384615385,0.3230769230769231,0.46923076923076923,0.7230769230769231,0.5923076923076923,0.38461538461538464,0.07692307692307693,0.05384615384615385
2021-11-04,0.2992936344754776,0.6462139067233809,0.22818791946308725,0.18791946308724833,0.3288590604026846,0.46308724832214765,0.6711409395973155,0.5838926174496645,0.35570469798657717,0.14093959731543623,0.040268456375838924
2021-11-05,0.2952320964148875,0.6526803307318956,0.2808988764044944,0.16853932584269662,0.4606741573033708,0.4044943820224719,0.6292134831460674,0.43820224719101125,0.39325842696629215,0.15730337078651685,0.06741573033707865
2021-11-06,0.20766439241006834,0.7365242417799224,0.1559633027522936,0.1926605504587156,0.22018348623853212,0.4954128440366973,0.6605504587155964,0.42201834862385323,0.6146788990825688,0.11009174311926606,0.12844036697247707
2021-11-07,0.22564656693359902,0.7286997696449017,0.1310344827586207,0.2482758620689655,0.22758620689655173,0.46206896551724136,0.6482758620689655,0.33793103448275863,0.7034482758620689,0.0896551724137931,0.15172413793103448
2021-11-08,0.23542808332750875,0.7178702793912404,0.12442396313364056,0.2073732718894009,0.3225806451612903,0.41935483870967744,0.6451612903225806,0.47465437788018433,0.576036866359447,0.10599078341013825,0.12442396313364056
2021-11-09,0.2608587480896148,0.6820963229706039,0.1691542288557214,0.17412935323383086,0.2885572139303483,0.4527363184079602,0.681592039800995,0.5074626865671642,0.5422885572139303,0.07462686567164178,0.10945273631840796
2021-11-10,0.2119722388408802,0.7390097972577211,0.21693121693121692,0.2222222222222222,0.2698412698412698,0.43386243386243384,0.6455026455026455,0.4444444444444444,0.5978835978835979,0.06349206349206349,0.10582010582010581
2021-11-11,0.23738324721127946,0.7038585362055444,0.1390728476821192,0.152317880794702,0.24503311258278146,0.5629139072847682,0.7019867549668874,0.423841059602649,0.6026490066225165,0.08609271523178808,0.08609271523178808
2021-11-12,0.2702482208725094,0.6818649371465048,0.20930232558139536,0.15503875968992248,0.32558139534883723,0.4883720930232558,0.6744186046511628,0.35658914728682173,0.6124031007751938,0.09302325581395349,0.08527131782945736
2021-11-13,0.29535834771999414,0.660237697587497,0.17391304347826086,0.17391304347826086,0.2608695652173913,0.5652173913043478,0.6231884057971014,0.5362318840579711,0.4927536231884058,0.10144927536231885,0.07246376811594203
2021-11-14,0.2953589969667895,0.6649496897883799,0.22988505747126436,0.1839080459770115,0.28735632183908044,0.5287356321839081,0.6206896551724138,0.4827586206896552,0.40229885057471265,0.11494252873563218,0.14942528735632185
2021-11-15,0.1435124432014314,0.8225186155331845,0.16556291390728478,0.2119205298013245,0.2980132450331126,0.47019867549668876,0.6490066225165563,0.41721854304635764,0.5761589403973509,0.08609271523178808,0.12582781456953643
2021-11-16,0.24233529918877653,0.7165632843971252,0.20930232558139536,0.1937984496124031,0.29457364341085274,0.40310077519379844,0.689922480620155,0.4418604651162791,0.5581395348837209,0.13178294573643412,0.07751937984496124
2021-11-17,0.24180490358740883,0.6917682532715587,0.25663716814159293,0.13274336283185842,0.336283185840708,0.4690265486725664,0.6902654867256637,0.4690265486725664,0.45132743362831856,0.08849557522123894,0.10619469026548672
2021-11-18,0.20000645991355653,0.7422255831105369,0.36507936507936506,0.3333333333333333,0.25396825396825395,0.4126984126984127,0.5714285714285714,0.42857142857142855,0.3968253968253968,0.1111111111111111,0.12698412698412698
2021-11-19,0.28021231414825937,0.6651713043693604,0.3333333333333333,0.2032520325203252,0.18699186991869918,0.5447154471544715,0.6260162601626016,0.5121951219512195,0.3983739837398374,0.056910569105691054,0.13821138211382114
2021-11-20,0.38405446384264075,0.590192292911419,0.30434782608695654,0.10144927536231885,0.2753623188405797,0.5362318840579711,0.7246376811594203,0.4927536231884058,0.43478260869565216,0.08695652173913043,0.043478260869565216
2021-11-21,0.2964335313210121,0.6625012763035603,0.3717948717948718,0.23076923076923078,0.3076923076923077,0.46153846153846156,0.6923076923076923,0.47435897435897434,0.2564102564102564,0.07692307692307693,0.1282051282051282
2021-11-22,0.3417636189729937,0.5998283365080433,0.3064516129032258,0.1935483870967742,0.3548387096774194,0.43548387096774194,0.6209677419354839,0.5887096774193549,0.3709677419354839,0.04838709677419355,0.08064516129032258
2021-11-23,0.3492339783244663,0.5988793146042597,0.29365079365079366,0.1746031746031746,0.36507936507936506,0.4365079365079365,0.6984126984126984,0.49206349206349204,0.35714285714285715,0.10317460317460317,0.07936507936507936
2021-11-24,0.1990715843074176,0.7584129194824063,0.2653061224489796,0.16326530612244897,0.2755102040816326,0.5408163265306123,0.673469387755102,0.3673469387755102,0.5612244897959183,0.11224489795918367,0.04081632653061224
2021-11-25,0.44756095819785946,0.5220939331367368,0.4426229508196721,0.14754098360655737,0.3770491803278688,0.6557377049180327,0.6229508196721312,0.4098360655737705,0.2459016393442623,0.06557377049180328,0.03278688524590164
2021-11-26,0.2676490257526266,0.6695879800566311,0.20689655172413793,0.1839080459770115,0.27586206896551724,0.47126436781609193,0.632183908045977,0.4827586206896552,0.5632183908045977,0.10344827586206896,0.08045977011494253
2021-11-27,0.19625898244533133,0.7126281134625698,0.40425531914893614,0.19148936170212766,0.2978723404255319,0.40425531914893614,0.5106382978723404,0.6595744680851063,0.3404255319148936,0.06382978723404255,0.1276595744680851
2021-11-28,0.2985201952132312,0.6621660116043958,0.4318181818181818,0.18181818181818182,0.3181818181818182,0.5,0.5454545454545454,0.5227272727272727,0.22727272727272727,0.25,0.022727272727272728
2021-11-29,0.3430123249280084,0.6048976361137075,0.27835051546391754,0.17525773195876287,0.28865979381443296,0.422680412371134,0.5567010309278351,0.5876288659793815,0.5051546391752577,0.09278350515463918,0.09278350515463918
2021-11-30,0.2538355698390883,0.6886288249979213,0.22448979591836735,0.20408163265306123,0.2653061224489796,0.5306122448979592,0.6632653061224489,0.40816326530612246,0.4897959183673469,0.09183673469387756,0.12244897959183673
2021-12-01,0.29595256214556487,0.6622610527536144,0.2608695652173913,0.19130434782608696,0.2956521739130435,0.4782608695652174,0.6608695652173913,0.5565217391304348,0.40869565217391307,0.09565217391304348,0.05217391304347826
2021-12-02,0.29155713473928385,0.6591233631660198,0.27586206896551724,0.1724137931034483,0.3448275862068966,0.5862068965517241,0.646551724137931,0.49137931034482757,0.3448275862068966,0.10344827586206896,0.034482758620689655
2021-12-03,0.23107298164286166,0.7142068626534226,0.18803418803418803,0.15384615384615385,0.23931623931623933,0.47863247863247865,0.7094017094017094,0.5982905982905983,0.4700854700854701,0.09401709401709402,0.06837606837606838
2021-12-04,0.2688820142956341,0.6705969984040541,0.14705882352941177,0.16176470588235295,0.35294117647058826,0.5,0.6911764705882353,0.38235294117647056,0.5,0.23529411764705882,0.029411764705882353
2021-12-05,0.33785105356271716,0.6238634361737017,0.36231884057971014,0.11594202898550725,0.3333333333333333,0.5362318840579711,0.6231884057971014,0.5652173913043478,0.30434782608695654,0.13043478260869565,0.028985507246376812
2021-12-06,0.29903417307397595,0.6361896036574559,0.14906832298136646,0.16770186335403728,0.3105590062111801,0.42857142857142855,0.7204968944099379,0.5527950310559007,0.45962732919254656,0.11801242236024845,0.09316770186335403
2021-12-07,0.20813380695622544,0.7408028399122173,0.28448275862068967,0.1810344827586207,0.19827586206896552,0.5086206896551724,0.646551724137931,0.5603448275862069,0.41379310344827586,0.09482758620689655,0.11206896551724138
2021-12-08,0.2627231163137099,0.6813380946131313,0.3235294117647059,0.13725490196078433,0.35294117647058826,0.5392156862745098,0.6274509803921569,0.5,0.3431372549019608,0.0784313725490196,0.09803921568627451
2021-12-09,0.19694704541536134,0.7509346219980828,0.2336448598130841,0.2897196261682243,0.2616822429906542,0.514018691588785,0.5981308411214953,0.48598130841121495,0.4672897196261682,0.056074766355140186,0.09345794392523364
2021-12-10,0.24762102332683877,0.6991523717521527,0.23853211009174313,0.2018348623853211,0.28440366972477066,0.46788990825688076,0.6697247706422018,0.4954128440366973,0.48623853211009177,0.08256880733944955,0.07339449541284404
2021-12-11,0.2560359600564124,0.6801925704512798,0.43661971830985913,0.15492957746478872,0.30985915492957744,0.39436619718309857,0.6197183098591549,0.5492957746478874,0.30985915492957744,0.1267605633802817,0.09859154929577464
2021-12-12,0.3616161136066212,0.5572054210831138,0.4117647058823529,0.29411764705882354,0.3333333333333333,0.37254901960784315,0.49019607843137253,0.5882352941176471,0.2549019607843137,0.13725490196078433,0.11764705882352941
2021-12-13,0.3344974386872667,0.6321919573978945,0.2727272727272727,0.16666666666666666,0.3560606060606061,0.4696969696969697,0.5757575757575758,0.5833333333333334,0.4090909090909091,0.09848484848484848,0.06818181818181818
2021-12-14,0.22967828843826638,0.7253587985397282,0.24060150375939848,0.2556390977443609,0.2857142857142857,0.518796992481203,0.6766917293233082,0.37593984962406013,0.5263157894736842,0.05263157894736842,0.06766917293233082
2021-12-15,0.32440975600597904,0.6339736779530843,0.2647058823529412,0.18627450980392157,0.3333333333333333,0.5,0.6666666666666666,0.45098039215686275,0.47058823529411764,0.00980392156862745,0.11764705882352941
2021-12-16,0.23932125955297237,0.6825486541840068,0.20175438596491227,0.21052631578947367,0.3684210526315789,0.4824561403508772,0.6403508771929824,0.42105263157894735,0.4473684210526316,0.08771929824561403,0.14035087719298245
2021-12-17,0.2364750789330069,0.7199681659715366,0.22123893805309736,0.1504424778761062,0.23893805309734514,0.5575221238938053,0.7256637168141593,0.40707964601769914,0.5575221238938053,0.04424778761061947,0.09734513274336283
2021-12-18,0.27307932193462664,0.6398573575111536,0.36538461538461536,0.15384615384615385,0.3269230769230769,0.5,0.5769230769230769,0.5384615384615384,0.38461538461538464,0.09615384615384616,0.057692307692307696
2021-12-19,0.28944512870576644,0.670911313049377,0.2857142857142857,0.23809523809523808,0.3333333333333333,0.42857142857142855,0.6190476190476191,0.4126984126984127,0.4126984126984127,0.09523809523809523,0.1746031746031746
2021-12-20,0.334142746294246,0.6280846192556269,0.3137254901960784,0.16666666666666666,0.22549019607843138,0.37254901960784315,0.7352941176470589,0.5490196078431373,0.5,0.058823529411764705,0.0784313725490196
2021-12-21,0.3404254615306854,0.6248236748517728,0.22549019607843138,0.10784313725490197,0.4117647058823529,0.49019607843137253,0.7254901960784313,0.47058823529411764,0.4411764705882353,0.09803921568627451,0.029411764705882353
2021-12-22,0.22381573023196466,0.7213231500037416,0.2215568862275449,0.11377245508982035,0.2934131736526946,0.5269461077844312,0.6826347305389222,0.5089820359281437,0.49101796407185627,0.08982035928143713,0.0718562874251497
2021-12-23,0.22818118527338102,0.7248597148950998,0.18831168831168832,0.17532467532467533,0.3181818181818182,0.5454545454545454,0.6883116883116883,0.4805194805194805,0.4805194805194805,0.05194805194805195,0.07142857142857142
2021-12-24,0.5146930634257305,0.44534679421459333,0.27710843373493976,0.1686746987951807,0.37349397590361444,0.5903614457831325,0.7831325301204819,0.4939759036144578,0.1566265060240964,0.14457831325301204,0.012048192771084338
2021-12-25,0.6013279513879256,0.34567632458426734,0.32727272727272727,0.10909090909090909,0.34545454545454546,0.7454545454545455,0.6363636363636364,0.5636363636363636,0.2,0.07272727272727272,0.0
2021-12-26,0.3685997431738335,0.5749524152069762,0.22807017543859648,0.14035087719298245,0.3684210526315789,0.5789473684210527,0.7017543859649122,0.5964912280701754,0.2631578947368421,0.07017543859649122,0.05263157894736842
2021-12-27,0.3166048650083871,0.6289606361553587,0.20689655172413793,0.09482758620689655,0.4051724137931034,0.5258620689655172,0.646551724137931,0.5862068965517241,0.3620689655172414,0.07758620689655173,0.09482758620689655
2021-12-28,0.2722331972349258,0.6568129000209627,0.24761904761904763,0.11428571428571428,0.2761904761904762,0.4095238095238095,0.6571428571428571,0.5904761904761905,0.49523809523809526,0.11428571428571428,0.09523809523809523
2021-12-29,0.27546312566288933,0.6704457341553922,0.20359281437125748,0.16766467065868262,0.3473053892215569,0.5149700598802395,0.6467065868263473,0.4251497005988024,0.5209580838323353,0.1317365269461078,0.041916167664670656
2021-12-30,0.2124581540503153,0.7492246724725738,0.2682926829268293,0.2845528455284553,0.2764227642276423,0.3902439024390244,0.5934959349593496,0.5528455284552846,0.4715447154471545,0.11382113821138211,0.04878048780487805
2021-12-31,0.2911728825420141,0.6492884745821357,0.2890625,0.15625,0.3046875,0.4375,0.6484375,0.53125,0.5,0.0703125,0.0625
2022-01-01,0.3587622867114302,0.58980049084926,0.2753623188405797,0.17391304347826086,0.36231884057971014,0.4782608695652174,0.5652173913043478,0.5362318840579711,0.4782608695652174,0.10144927536231885,0.028985507246376812
2022-01-02,0.38304283241530757,0.5501845275337373,0.3869346733668342,0.1306532663316583,0.35175879396984927,0.4020100502512563,0.5527638190954773,0.6381909547738693,0.36683417085427134,0.11557788944723618,0.05527638190954774
2022-01-03,0.3381361076031912,0.5972192438883579,0.20521172638436483,0.15960912052117263,0.28338762214983715,0.5146579804560261,0.6286644951140065,0.6286644951140065,0.42996742671009774,0.08469055374592833,0.06514657980456026
2022-01-04,0.25535666644573213,0.6860831111669541,0.15714285714285714,0.22857142857142856,0.32857142857142857,0.39285714285714285,0.6071428571428571,0.5857142857142857,0.55,0.06428571428571428,0.08571428571428572
2022-01-05,0.21116328626484066,0.7365084905903061,0.2597402597402597,0.2662337662337662,0.23376623376623376,0.3116883116883117,0.7467532467532467,0.4155844155844156,0.525974025974026,0.14285714285714285,0.09740259740259741
2022-01-06,0.318056852899046,0.6289510981649415,0.23076923076923078,0.1452991452991453,0.36752136752136755,0.36752136752136755,0.6324786324786325,0.5128205128205128,0.5470085470085471,0.1452991452991453,0.05128205128205128
2022-01-07,0.26236077767831306,0.6979138939468948,0.18518518518518517,0.25925925925925924,0.35555555555555557,0.4,0.6222222222222222,0.5259259259259259,0.4740740740740741,0.0962962962962963,0.08148148148148149
2022-01-08,0.24435069666633122,0.7082258892964713,0.3291139240506329,0.26582278481012656,0.25316455696202533,0.35443037974683544,0.5949367088607594,0.45569620253164556,0.4810126582278481,0.189873417721519,0.0759493670886076
2022-01-09,0.3011000709874289,0.6419197512524468,0.35714285714285715,0.19642857142857142,0.39285714285714285,0.4107142857142857,0.5357142857142857,0.5357142857142857,0.35714285714285715,0.125,0.08928571428571429
2022-01-10,0.3073676574230194,0.6393894072373708,0.24,0.12,0.34,0.36,0.5733333333333334,0.6333333333333333,0.4866666666666667,0.14,0.10666666666666667
2022-01-11,0.20505417049477953,0.7342575400247486,0.28440366972477066,0.13761467889908258,0.3669724770642202,0.3211009174311927,0.6513761467889908,0.5321100917431193,0.5045871559633027,0.09174311926605505,0.11009174311926606
2022-01-12,0.3251733897494621,0.6214376882630952,0.21768707482993196,0.1564625850340136,0.3401360544217687,0.43537414965986393,0.7278911564625851,0.48299319727891155,0.40816326530612246,0.10204081632653061,0.1292517006802721
2022-01-13,0.2595033748791768,0.7049861206458166,0.3333333333333333,0.21153846153846154,0.26282051282051283,0.4230769230769231,0.5897435897435898,0.5448717948717948,0.3974358974358974,0.10256410256410256,0.1346153846153846
2022-01-14,0.2624176338406428,0.6819389195529961,0.2147239263803681,0.19631901840490798,0.27607361963190186,0.6257668711656442,0.7484662576687117,0.37423312883435583,0.44785276073619634,0.04294478527607362,0.0736196319018405
2022-01-15,0.36832204421361286,0.5822912311553955,0.3333333333333333,0.2,0.3333333333333333,0.5066666666666667,0.6933333333333334,0.5066666666666667,0.24,0.08,0.10666666666666667
2022-01-16,0.26232863618777347,0.6761362587030117,0.33653846153846156,0.2980769230769231,0.25,0.41346153846153844,0.6538461538461539,0.5,0.3173076923076923,0.11538461538461539,0.11538461538461539
2022-01-17,0.4127861054407226,0.5456605578462282,0.2916666666666667,0.1527777777777778,0.3472222222222222,0.6388888888888888,0.5833333333333334,0.5694444444444444,0.2777777777777778,0.05555555555555555,0.08333333333333333
2022-01-18,0.2504897286193539,0.6831040249930488,0.2828282828282828,0.23232323232323232,0.2828282828282828,0.37373737373737376,0.6363636363636364,0.5151515151515151,0.5454545454545454,0.10101010101010101,0.030303030303030304
2022-01-19,0.3043353050061972,0.6408141101941024,0.2871287128712871,0.18811881188118812,0.3465346534653465,0.4158415841584158,0.6435643564356436,0.504950495049505,0.39603960396039606,0.1188118811881188,0.09900990099009901
2022-01-20,0.2920233584367312,0.6620602504565165,0.21153846153846154,0.23076923076923078,0.36538461538461536,0.47115384615384615,0.625,0.49038461538461536,0.40384615384615385,0.07692307692307693,0.125
2022-01-21,0.2521992678162437,0.7046301177462692,0.2389937106918239,0.3018867924528302,0.18867924528301888,0.4968553459119497,0.6855345911949685,0.4591194968553459,0.49056603773584906,0.1069182389937107,0.031446540880503145
2022-01-22,0.33202383915583294,0.6255793476104736,0.36,0.2,0.22666666666666666,0.48,0.6266666666666667,0.29333333333333333,0.56,0.16,0.09333333333333334
2022-01-23,0.26681345505792586,0.7016177998214471,0.26229508196721313,0.21311475409836064,0.2459016393442623,0.4262295081967213,0.7377049180327869,0.4262295081967213,0.4918032786885246,0.14754098360655737,0.04918032786885246
2022-01-24,0.2585289322021531,0.684485764038272,0.16463414634146342,0.24390243902439024,0.32926829268292684,0.4634146341463415,0.6097560975609756,0.4878048780487805,0.5487804878048781,0.08536585365853659,0.06707317073170732
2022-01-25,0.3132040876491814,0.6472553364030874,0.28662420382165604,0.2229299363057325,0.22929936305732485,0.4713375796178344,0.732484076433121,0.40764331210191085,0.46496815286624205,0.09554140127388536,0.08917197452229299
2022-01-26,0.3093097914522067,0.6339587144577465,0.3003194888178914,0.2108626198083067,0.3194888178913738,0.3961661341853035,0.6261980830670927,0.4217252396166134,0.5079872204472844,0.1501597444089457,0.0670926517571885
2022-01-27,0.24391595197721125,0.7077591797698133,0.24334600760456274,0.2623574144486692,0.2623574144486692,0.3612167300380228,0.6768060836501901,0.44106463878326996,0.55893536121673,0.11406844106463879,0.07984790874524715
2022-01-28,0.2821976395851788,0.6800369062525703,0.28342245989304815,0.20855614973262032,0.32620320855614976,0.3689839572192513,0.679144385026738,0.44385026737967914,0.49732620320855614,0.12299465240641712,0.06951871657754011
2022-01-29,0.27606307579712436,0.6865786652673375,0.2840909090909091,0.2727272727272727,0.375,0.4318181818181818,0.6363636363636364,0.375,0.32954545454545453,0.13636363636363635,0.1590909090909091
2022-01-30,0.3408436124262057,0.6048611629950372,0.34210526315789475,0.27631578947368424,0.35526315789473684,0.35526315789473684,0.5789473684210527,0.5263157894736842,0.32894736842105265,0.11842105263157894,0.11842105263157894
2022-01-31,0.35640815560144323,0.5715134425927665,0.19083969465648856,0.19083969465648856,0.3511450381679389,0.5343511450381679,0.7099236641221374,0.48091603053435117,0.37404580152671757,0.10687022900763359,0.061068702290076333
2022-02-01,0.28723493218421936,0.6547083096546039,0.2894736842105263,0.2719298245614035,0.18421052631578946,0.39473684210526316,0.6403508771929824,0.5614035087719298,0.4473684210526316,0.09649122807017543,0.11403508771929824
2022-02-02,0.2534524332731962,0.7040255560229222,0.22916666666666666,0.2916666666666667,0.28125,0.46875,0.5729166666666666,0.5520833333333334,0.4479166666666667,0.0625,0.09375
2022-02-03,0.25508843719959257,0.676856814622879,0.31,0.27,0.28,0.37,0.71,0.44,0.41,0.13,0.08
2022-02-04,0.33077300404324944,0.6286728080408073,0.2962962962962963,0.19753086419753085,0.2839506172839506,0.4444444444444444,0.654320987654321,0.4567901234567901,0.49382716049382713,0.12345679012345678,0.04938271604938271
2022-02-05,0.3228851086656812,0.6355276174948249,0.352112676056338,0.16901408450704225,0.29577464788732394,0.5070422535211268,0.6056338028169014,0.4225352112676056,0.4084507042253521,0.16901408450704225,0.07042253521126761
2022-02-06,0.25017171773043545,0.6702723102136092,0.3090909090909091,0.18181818181818182,0.41818181818181815,0.34545454545454546,0.7090909090909091,0.41818181818181815,0.34545454545454546,0.18181818181818182,0.09090909090909091
2022-02-07,0.2161064794264644,0.7540497284337698,0.20481927710843373,0.24096385542168675,0.1927710843373494,0.40963855421686746,0.6746987951807228,0.5060240963855421,0.5180722891566265,0.1566265060240964,0.0963855421686747
2022-02-08,0.42680224559523844,0.517297532341697,0.33636363636363636,0.14545454545454545,0.2636363636363636,0.5363636363636364,0.6545454545454545,0.4909090909090909,0.4,0.1,0.07272727272727272
2022-02-09,0.3251940491555751,0.5975702864000167,0.2988505747126437,0.20689655172413793,0.27586206896551724,0.41379310344827586,0.6206896551724138,0.6781609195402298,0.3103448275862069,0.06896551724137931,0.12643678160919541
2022-02-10,0.2400071892668219,0.7083938183153377,0.35294117647058826,0.17647058823529413,0.27941176470588236,0.38235294117647056,0.6470588235294118,0.47058823529411764,0.3382352941176471,0.16176470588235295,0.19117647058823528
2022-02-11,0.21730778133026277,0.7183830587550847,0.1919191919191919,0.32323232323232326,0.25252525252525254,0.3939393939393939,0.6060606060606061,0.5353535353535354,0.494949494949495,0.09090909090909091,0.1111111111111111
2022-02-12,0.2565812083982652,0.705033452280106,0.41935483870967744,0.14516129032258066,0.27419354838709675,0.43548387096774194,0.5645161290322581,0.4838709677419355,0.4032258064516129,0.1935483870967742,0.08064516129032258
2022-02-13,0.23386751145732645,0.7116511573596876,0.40816326530612246,0.10204081632653061,0.3673469387755102,0.5102040816326531,0.6122448979591837,0.46938775510204084,0.3877551020408163,0.08163265306122448,0.061224489795918366
2022-02-14,0.2919244395013441,0.6509569052018618,0.34210526315789475,0.19298245614035087,0.3508771929824561,0.40350877192982454,0.6140350877192983,0.5701754385964912,0.35964912280701755,0.043859649122807015,0.12280701754385964
2022-02-15,0.31062964417717676,0.6263627172871069,0.20454545454545456,0.11363636363636363,0.375,0.4431818181818182,0.6363636363636364,0.48863636363636365,0.5340909090909091,0.06818181818181818,0.13636363636363635
2022-02-16,0.3054279160499573,0.6648451471328736,0.3333333333333333,0.24,0.28,0.48,0.5466666666666666,0.4533333333333333,0.4266666666666667,0.08,0.16
2022-02-17,0.30381838422195584,0.6554523104546117,0.3235294117647059,0.27450980392156865,0.3333333333333333,0.47058823529411764,0.6862745098039216,0.4411764705882353,0.29411764705882354,0.058823529411764705,0.11764705882352941
2022-02-18,0.31684383644777186,0.6409049742362078,0.24705882352941178,0.16470588235294117,0.3764705882352941,0.38823529411764707,0.7529411764705882,0.5058823529411764,0.2823529411764706,0.10588235294117647,0.17647058823529413
2022-02-19,0.2991497693835078,0.6705336039130753,0.3918918918918919,0.24324324324324326,0.2972972972972973,0.3918918918918919,0.6351351351351351,0.4864864864864865,0.2702702702702703,0.10810810810810811,0.17567567567567569
2022-02-20,0.34149911903565927,0.6283699975859734,0.3870967741935484,0.1774193548387097,0.3064516129032258,0.5161290322580645,0.7258064516129032,0.43548387096774194,0.27419354838709675,0.14516129032258066,0.03225806451612903
2022-02-21,0.20983574645859854,0.7570563980511257,0.2857142857142857,0.14285714285714285,0.2619047619047619,0.5,0.6904761904761905,0.7142857142857143,0.2619047619047619,0.023809523809523808,0.11904761904761904
2022-02-22,0.2852102923161775,0.6754365719637825,0.22330097087378642,0.23300970873786409,0.2912621359223301,0.44660194174757284,0.6699029126213593,0.5048543689320388,0.36893203883495146,0.0970873786407767,0.1650485436893204
2022-02-23,0.22692329001117062,0.7191838947209445,0.14935064935064934,0.2012987012987013,0.3051948051948052,0.44155844155844154,0.6623376623376623,0.512987012987013,0.5714285714285714,0.08441558441558442,0.07142857142857142
2022-02-24,0.18933287487839753,0.7685072320812153,0.12264150943396226,0.3113207547169811,0.3113207547169811,0.3867924528301887,0.6698113207547169,0.37735849056603776,0.5660377358490566,0.09433962264150944,0.16037735849056603
2022-02-25,0.2534797230704886,0.7051830858480735,0.16393442622950818,0.13114754098360656,0.22950819672131148,0.5081967213114754,0.6885245901639344,0.5409836065573771,0.5081967213114754,0.06557377049180328,0.16393442622950818
2022-02-26,0.2659918431079749,0.6996563998135653,0.3333333333333333,0.18181818181818182,0.36363636363636365,0.5151515151515151,0.6060606060606061,0.6060606060606061,0.18181818181818182,0.09090909090909091,0.12121212121212122
2022-02-27,0.3336908535824882,0.6035393757952584,0.16666666666666666,0.19444444444444445,0.4444444444444444,0.5555555555555556,0.6111111111111112,0.6111111111111112,0.2777777777777778,0.05555555555555555,0.08333333333333333
2022-02-28,0.2457870088734673,0.6919711550462593,0.23300970873786409,0.13592233009708737,0.4077669902912621,0.44660194174757284,0.6310679611650486,0.5436893203883495,0.47572815533980584,0.08737864077669903,0.038834951456310676
2022-03-01,0.3558693692872399,0.5858148838344374,0.23684210526315788,0.17105263157894737,0.3684210526315789,0.4868421052631579,0.7236842105263158,0.5,0.3684210526315789,0.05263157894736842,0.09210526315789473
2022-03-02,0.2784141891304104,0.672176401505525,0.3793103448275862,0.25287356321839083,0.3103448275862069,0.3793103448275862,0.5977011494252874,0.4827586206896552,0.3793103448275862,0.034482758620689655,0.1839080459770115
2022-03-03,0.33717019889089794,0.6206021434730954,0.2777777777777778,0.2222222222222222,0.3333333333333333,0.4,0.6222222222222222,0.6333333333333333,0.32222222222222224,0.044444444444444446,0.14444444444444443
2022-03-04,0.3412802208249814,0.6100127619003581,0.3177570093457944,0.17757009345794392,0.4485981308411215,0.3644859813084112,0.6355140186915887,0.45794392523364486,0.35514018691588783,0.08411214953271028,0.1588785046728972
2022-03-05,0.18511420488357544,0.7539659585271563,0.37142857142857144,0.14285714285714285,0.45714285714285713,0.42857142857142855,0.6285714285714286,0.4,0.4,0.08571428571428572,0.08571428571428572
2022-03-06,0.396322557739183,0.55836608246261,0.45098039215686275,0.17647058823529413,0.5098039215686274,0.49019607843137253,0.5294117647058824,0.37254901960784315,0.3137254901960784,0.0392156862745098,0.11764705882352941
2022-03-07,0.2782211821703684,0.6657399975118183,0.2619047619047619,0.21428571428571427,0.40476190476190477,0.36904761904761907,0.7142857142857143,0.44047619047619047,0.47619047619047616,0.08333333333333333,0.03571428571428571
2022-03-08,0.21400820913881358,0.7307114010990257,0.31683168316831684,0.2376237623762376,0.40594059405940597,0.40594059405940597,0.6435643564356436,0.44554455445544555,0.33663366336633666,0.06930693069306931,0.13861386138613863
2022-03-09,0.29706349483756134,0.650362143682879,0.1744186046511628,0.19767441860465115,0.43023255813953487,0.3372093023255814,0.7209302325581395,0.38372093023255816,0.5697674418604651,0.10465116279069768,0.08139534883720931
2022-03-10,0.2283467667944291,0.7094835452004975,0.3333333333333333,0.24509803921568626,0.3137254901960784,0.37254901960784315,0.6372549019607843,0.4117647058823529,0.47058823529411764,0.10784313725490197,0.10784313725490197
2022-03-11,0.25144980752721746,0.7070274834937238,0.3191489361702128,0.20212765957446807,0.3191489361702128,0.3617021276595745,0.5957446808510638,0.6063829787234043,0.44680851063829785,0.07446808510638298,0.07446808510638298
2022-03-12,0.24991840377767036,0.6926108218253927,0.3191489361702128,0.14893617021276595,0.2765957446808511,0.425531914893617,0.6170212765957447,0.5106382978723404,0.46808510638297873,0.1276595744680851,0.10638297872340426
2022-03-13,0.3738215536606021,0.575381412738707,0.34146341463414637,0.07317073170731707,0.4146341463414634,0.4878048780487805,0.7073170731707317,0.4634146341463415,0.36585365853658536,0.0975609756097561,0.04878048780487805
2022-03-14,0.19389421001393745,0.7534546287769966,0.24468085106382978,0.23404255319148937,0.32978723404255317,0.3723404255319149,0.7021276595744681,0.46808510638297873,0.46808510638297873,0.11702127659574468,0.06382978723404255
2022-03-15,0.2653746478485339,0.6793633928202619,0.35353535353535354,0.20202020202020202,0.29292929292929293,0.40404040404040403,0.5757575757575758,0.47474747474747475,0.5151515151515151,0.1111111111111111,0.0707070707070707
2022-03-16,0.31978900621577006,0.6267981194868321,0.18292682926829268,0.18292682926829268,0.2804878048780488,0.35365853658536583,0.6707317073170732,0.45121951219512196,0.5609756097560976,0.07317073170731707,0.24390243902439024
2022-03-17,0.2978396548165215,0.6649479564325309,0.19753086419753085,0.2222222222222222,0.32098765432098764,0.49382716049382713,0.6049382716049383,0.5061728395061729,0.43209876543209874,0.08641975308641975,0.13580246913580246
2022-03-18,0.4275804721727604,0.5362197218871698,0.1951219512195122,0.14634146341463414,0.34146341463414637,0.3780487804878049,0.7073170731707317,0.5609756097560976,0.45121951219512196,0.13414634146341464,0.08536585365853659
2022-03-19,0.41525329211178946,0.5167915260090548,0.3333333333333333,0.0784313725490196,0.29411764705882354,0.5098039215686274,0.6666666666666666,0.5490196078431373,0.37254901960784315,0.09803921568627451,0.09803921568627451
2022-03-20,0.28143280202692206,0.6611633531071923,0.3409090909090909,0.20454545454545456,0.3181818181818182,0.5909090909090909,0.6363636363636364,0.5681818181818182,0.22727272727272727,0.06818181818181818,0.045454545454545456
2022-03-21,0.2869186889041554,0.6598539858153372,0.26262626262626265,0.18181818181818182,0.2222222222222222,0.3939393939393939,0.7171717171717171,0.5959595959595959,0.37373737373737376,0.1414141414141414,0.1111111111111111
2022-03-22,0.43462641414152375,0.5020560526519741,0.23853211009174313,0.16055045871559634,0.44954128440366975,0.47706422018348627,0.5596330275229358,0.591743119266055,0.37155963302752293,0.05504587155963303,0.0963302752293578
2022-03-23,0.3111964311710624,0.6114063327626664,0.20930232558139536,0.18604651162790697,0.40310077519379844,0.4418604651162791,0.6356589147286822,0.6124031007751938,0.37209302325581395,0.06201550387596899,0.07751937984496124
2022-03-24,0.264713819026947,0.7009686362743378,0.31,0.12,0.38,0.32,0.64,0.53,0.49,0.15,0.06
2022-03-25,0.32993549630045893,0.6254364989697934,0.3125,0.0625,0.3625,0.55,0.675,0.625,0.325,0.05,0.0375
2022-03-26,0.3116078483924437,0.639016878738832,0.34831460674157305,0.2808988764044944,0.3258426966292135,0.39325842696629215,0.6404494382022472,0.5393258426966292,0.3146067415730337,0.07865168539325842,0.07865168539325842
2022-03-27,0.28448151690619333,0.6748793082577842,0.2857142857142857,0.17346938775510204,0.3979591836734694,0.46938775510204084,0.673469387755102,0.5,0.2653061224489796,0.1326530612244898,0.10204081632653061
2022-03-28,0.24289911954986806,0.7072677998518457,0.1326530612244898,0.27040816326530615,0.23469387755102042,0.4336734693877551,0.6326530612244898,0.4846938775510204,0.5714285714285714,0.08163265306122448,0.15816326530612246
2022-03-29,0.2827454701210689,0.6721215711056607,0.17475728155339806,0.18446601941747573,0.32038834951456313,0.39805825242718446,0.6893203883495146,0.6601941747572816,0.42718446601941745,0.07766990291262135,0.06796116504854369
2022-03-30,0.3785150245744355,0.5715110636487299,0.3163265306122449,0.19387755102040816,0.45918367346938777,0.35714285714285715,0.5918367346938775,0.5714285714285714,0.3163265306122449,0.11224489795918367,0.08163265306122448
2022-03-31,0.3023781374744747,0.6587193135334097,0.22826086956521738,0.17391304347826086,0.34782608695652173,0.4782608695652174,0.6847826086956522,0.4891304347826087,0.42391304347826086,0.10869565217391304,0.06521739130434782
2022-04-01,0.311408113589329,0.6254317807940255,0.3274336283185841,0.22123893805309736,0.39823008849557523,0.4247787610619469,0.6814159292035398,0.4690265486725664,0.37168141592920356,0.04424778761061947,0.061946902654867256
2022-04-02,0.40250849624474844,0.5578158701459567,0.43333333333333335,0.19166666666666668,0.35833333333333334,0.45,0.6083333333333333,0.5,0.3,0.11666666666666667,0.041666666666666664
2022-04-03,0.23770120820483645,0.7196061772269171,0.3918918918918919,0.17567567567567569,0.44594594594594594,0.3783783783783784,0.5540540540540541,0.5540540540540541,0.2972972972972973,0.16216216216216217,0.04054054054054054
2022-04-04,0.27412998869821625,0.6712236303787726,0.2077922077922078,0.22077922077922077,0.36363636363636365,0.5324675324675324,0.577922077922078,0.538961038961039,0.42207792207792205,0.08441558441558442,0.05194805194805195
2022-04-05,0.25661206245422363,0.6717854631798608,0.19642857142857142,0.16071428571428573,0.2767857142857143,0.5178571428571429,0.6964285714285714,0.5357142857142857,0.4375,0.08035714285714286,0.09821428571428571
2022-04-06,0.3544030698637168,0.5819145838419596,0.21875,0.15625,0.2916666666666667,0.46875,0.7604166666666666,0.53125,0.4375,0.0625,0.07291666666666667
2022-04-07,0.3972357192801105,0.5412821947700448,0.3541666666666667,0.20833333333333334,0.3611111111111111,0.5138888888888888,0.5972222222222222,0.5763888888888888,0.1875,0.0763888888888889,0.125
2022-04-08,0.476586738810005,0.47717311050881983,0.34439834024896265,0.14522821576763487,0.43568464730290457,0.5352697095435685,0.6473029045643154,0.5269709543568465,0.21161825726141079,0.12033195020746888,0.03319502074688797
2022-04-09,0.4877456720670064,0.46379048268000284,0.30666666666666664,0.08,0.4666666666666667,0.56,0.6933333333333334,0.4533333333333333,0.24,0.16,0.04
2022-04-10,0.47682088712851206,0.47121578057607016,0.35,0.16666666666666666,0.43333333333333335,0.5,0.65,0.5666666666666667,0.21666666666666667,0.016666666666666666,0.1
2022-04-11,0.27287340418905276,0.6814497938522925,0.26495726495726496,0.1623931623931624,0.3247863247863248,0.39316239316239315,0.7008547008547008,0.4700854700854701,0.49572649572649574,0.11965811965811966,0.06837606837606838
2022-04-12,0.2399031196502929,0.7102426588535309,0.2872340425531915,0.20212765957446807,0.35106382978723405,0.3617021276595745,0.648936170212766,0.5106382978723404,0.425531914893617,0.1276595744680851,0.0851063829787234
2022-04-13,0.2367376075701767,0.7349033938365036,0.21348314606741572,0.24719101123595505,0.2247191011235955,0.449438202247191,0.6629213483146067,0.43820224719101125,0.4943820224719101,0.14606741573033707,0.12359550561797752
2022-04-14,0.21125211795615084,0.7375609062237447,0.19553072625698323,0.29608938547486036,0.22905027932960895,0.4692737430167598,0.5642458100558659,0.48044692737430167,0.4748603351955307,0.0893854748603352,0.2011173184357542
2022-04-15,0.22805526164861825,0.7314231273455497,0.21794871794871795,0.24358974358974358,0.3333333333333333,0.32051282051282054,0.6410256410256411,0.46153846153846156,0.48717948717948717,0.11538461538461539,0.1794871794871795
2022-04-16,0.20376544640614436,0.7537984490394593,0.3230769230769231,0.2,0.35384615384615387,0.4307692307692308,0.6,0.4307692307692308,0.4307692307692308,0.12307692307692308,0.1076923076923077
2022-04-17,0.25156311753769994,0.7007186110590545,0.2676056338028169,0.16901408450704225,0.38028169014084506,0.6056338028169014,0.6197183098591549,0.4647887323943662,0.4084507042253521,0.028169014084507043,0.056338028169014086
2022-04-18,0.2793514489013458,0.6675274879018837,0.2523364485981308,0.1588785046728972,0.35514018691588783,0.4485981308411215,0.6915887850467289,0.5046728971962616,0.4766355140186916,0.056074766355140186,0.056074766355140186
2022-04-19,0.1600619517650801,0.8095762944713081,0.23711340206185566,0.21649484536082475,0.30927835051546393,0.31958762886597936,0.7216494845360825,0.5154639175257731,0.4742268041237113,0.09278350515463918,0.1134020618556701
2022-04-20,0.2814457900183541,0.6690552994183132,0.23714285714285716,0.20285714285714285,0.3657142857142857,0.3485714285714286,0.6171428571428571,0.44571428571428573,0.5742857142857143,0.13428571428571429,0.07428571428571429
2022-04-21,0.27405981213143726,0.6742261931734178,0.18446601941747573,0.32524271844660196,0.19902912621359223,0.41262135922330095,0.6844660194174758,0.4320388349514563,0.616504854368932,0.05825242718446602,0.08737864077669903
2022-04-22,0.17377336976820962,0.7707263607727853,0.21929824561403508,0.24561403508771928,0.2631578947368421,0.41228070175438597,0.6491228070175439,0.41228070175438597,0.6052631578947368,0.12280701754385964,0.07017543859649122
2022-04-23,0.13743575823073292,0.8296087425129086,0.11764705882352941,0.3627450980392157,0.19607843137254902,0.3627450980392157,0.6568627450980392,0.46078431372549017,0.6372549019607843,0.06862745098039216,0.13725490196078433
2022-04-24,0.2544328113124795,0.7046731645113802,0.2328767123287671,0.2876712328767123,0.2465753424657534,0.3835616438356164,0.547945205479452,0.4383561643835616,0.5616438356164384,0.1232876712328767,0.1780821917808219
2022-04-25,0.31719074035302186,0.638828443028988,0.09615384615384616,0.2564102564102564,0.2948717948717949,0.5641025641025641,0.6794871794871795,0.4358974358974359,0.4423076923076923,0.05128205128205128,0.1794871794871795
2022-04-26,0.22228545335031324,0.7351106031699115,0.14746543778801843,0.31336405529953915,0.2304147465437788,0.45161290322580644,0.6589861751152074,0.4377880184331797,0.6129032258064516,0.07373271889400922,0.07373271889400922
2022-04-27,0.23799889698261167,0.7333022608020441,0.21138211382113822,0.24390243902439024,0.2845528455284553,0.5040650406504065,0.6178861788617886,0.4146341463414634,0.5609756097560976,0.056910569105691054,0.10569105691056911
2022-04-28,0.2185740021691806,0.735477086858473,0.2246376811594203,0.2028985507246377,0.21739130434782608,0.47101449275362317,0.6521739130434783,0.4057971014492754,0.6159420289855072,0.07971014492753623,0.13043478260869565
2022-04-29,0.2672402240814419,0.682867453459206,0.11009174311926606,0.1743119266055046,0.22477064220183487,0.47706422018348627,0.7706422018348624,0.38073394495412843,0.6009174311926605,0.10091743119266056,0.16055045871559634
2022-04-30,0.31962043623770436,0.6092220910133854,0.27419354838709675,0.20967741935483872,0.3548387096774194,0.532258064516129,0.5483870967741935,0.41935483870967744,0.5,0.0967741935483871,0.06451612903225806
2022-05-01,0.280661527857636,0.691649851473895,0.2727272727272727,0.15151515151515152,0.15151515151515152,0.48484848484848486,0.6818181818181818,0.42424242424242425,0.45454545454545453,0.18181818181818182,0.19696969696969696
2022-05-02,0.19582061512956342,0.7615281881637943,0.18446601941747573,0.23300970873786409,0.18446601941747573,0.4563106796116505,0.7184466019417476,0.44660194174757284,0.5436893203883495,0.05825242718446602,0.17475728155339806
2022-05-03,0.2754348944610273,0.665253867565746,0.2535211267605634,0.16901408450704225,0.29577464788732394,0.5070422535211268,0.6197183098591549,0.5352112676056338,0.43661971830985913,0.07042253521126761,0.11267605633802817
2022-05-04,0.250954706181762,0.6841970637280453,0.25806451612903225,0.1827956989247312,0.2903225806451613,0.5268817204301075,0.6344086021505376,0.45161290322580644,0.46236559139784944,0.12903225806451613,0.06451612903225806
2022-05-05,0.2035336885789428,0.7475986191720674,0.1414141414141414,0.32323232323232326,0.1717171717171717,0.5858585858585859,0.6060606060606061,0.4444444444444444,0.5656565656565656,0.0707070707070707,0.09090909090909091
2022-05-06,0.2914053057470629,0.6633863857676906,0.2903225806451613,0.20967741935483872,0.4032258064516129,0.3951612903225806,0.6532258064516129,0.45161290322580644,0.3951612903225806,0.14516129032258066,0.056451612903225805
2022-05-07,0.3066154097517331,0.6618233645955721,0.3541666666666667,0.16666666666666666,0.25,0.4583333333333333,0.7083333333333334,0.5,0.3958333333333333,0.14583333333333334,0.020833333333333332
2022-05-08,0.23501994538663037,0.7062814235687256,0.34328358208955223,0.2537313432835821,0.1791044776119403,0.43283582089552236,0.6119402985074627,0.3880597014925373,0.44776119402985076,0.1791044776119403,0.16417910447761194
2022-05-09,0.21808005619049073,0.7221147265434266,0.144,0.296,0.28,0.456,0.648,0.416,0.584,0.128,0.048
2022-05-10,0.2629338649854268,0.6934822271131489,0.3356164383561644,0.23972602739726026,0.2534246575342466,0.3835616438356164,0.6506849315068494,0.4794520547945205,0.5068493150684932,0.07534246575342465,0.07534246575342465
2022-05-11,0.2976243835296074,0.659544888639102,0.1678832116788321,0.22627737226277372,0.30656934306569344,0.30656934306569344,0.6715328467153284,0.4306569343065693,0.656934306569343,0.15328467153284672,0.08029197080291971
2022-05-12,0.23316370614253693,0.7230394426053458,0.145985401459854,0.22627737226277372,0.21897810218978103,0.4306569343065693,0.6934306569343066,0.4306569343065693,0.6423357664233577,0.11678832116788321,0.0948905109489051
2022-05-13,0.21151510874430338,0.7416278639355222,0.25225225225225223,0.25225225225225223,0.23423423423423423,0.4594594594594595,0.6396396396396397,0.5585585585585585,0.40540540540540543,0.10810810810810811,0.09009009009009009
2022-05-14,0.23650255426764488,0.7313505616039038,0.3125,0.234375,0.3125,0.40625,0.578125,0.453125,0.515625,0.078125,0.109375
2022-05-15,0.3457640079515321,0.6163642087153026,0.3392857142857143,0.21428571428571427,0.16071428571428573,0.39285714285714285,0.5714285714285714,0.5,0.48214285714285715,0.16071428571428573,0.17857142857142858
2022-05-16,0.1886511705815792,0.753190165651696,0.19642857142857142,0.25,0.2857142857142857,0.33035714285714285,0.7142857142857143,0.5714285714285714,0.48214285714285715,0.08035714285714286,0.08928571428571429
2022-05-17,0.18915710379095638,0.7650764633627499,0.18823529411764706,0.2235294117647059,0.3058823529411765,0.3764705882352941,0.6470588235294118,0.5411764705882353,0.4235294117647059,0.08235294117647059,0.21176470588235294
2022-05-18,0.19277020720125154,0.7568569911345271,0.2366412213740458,0.2366412213740458,0.3282442748091603,0.33587786259541985,0.6641221374045801,0.4351145038167939,0.4580152671755725,0.15267175572519084,0.15267175572519084
2022-05-19,0.1259401759631197,0.8306197511478209,0.176056338028169,0.28169014084507044,0.29577464788732394,0.49295774647887325,0.5774647887323944,0.4507042253521127,0.4295774647887324,0.1056338028169014,0.19014084507042253
2022-05-20,0.24130338060954384,0.7102374175855936,0.14049586776859505,0.25206611570247933,0.26859504132231404,0.4380165289256198,0.5950413223140496,0.49173553719008267,0.5702479338842975,0.12396694214876033,0.11983471074380166
2022-05-21,0.20466520590482704,0.7477317783567641,0.4444444444444444,0.3333333333333333,0.3285024154589372,0.40096618357487923,0.6570048309178744,0.5120772946859904,0.19806763285024154,0.08695652173913043,0.03864734299516908
2022-05-22,0.23727733400506032,0.7104385965306994,0.30985915492957744,0.2112676056338028,0.323943661971831,0.4647887323943662,0.6619718309859155,0.5070422535211268,0.323943661971831,0.11267605633802817,0.08450704225352113
2022-05-23,0.25799643993377686,0.7036924452885337,0.2826086956521739,0.2391304347826087,0.34057971014492755,0.37681159420289856,0.7028985507246377,0.4492753623188406,0.43478260869565216,0.08695652173913043,0.08695652173913043
2022-05-24,0.24856830986452774,0.7020069108882421,0.1619718309859155,0.2746478873239437,0.29577464788732394,0.4788732394366197,0.6408450704225352,0.39436619718309857,0.528169014084507,0.08450704225352113,0.14084507042253522
2022-05-25,0.21381983906030655,0.7468033940531313,0.203125,0.21875,0.234375,0.3984375,0.6953125,0.4921875,0.546875,0.09375,0.1171875
2022-05-26,0.2894135866054269,0.6517804916514907,0.26744186046511625,0.12790697674418605,0.32558139534883723,0.4418604651162791,0.686046511627907,0.5581395348837209,0.43023255813953487,0.05813953488372093,0.10465116279069768
2022-05-27,0.2571056035100197,0.69854722521743,0.35714285714285715,0.1326530612244898,0.2653061224489796,0.37755102040816324,0.6632653061224489,0.5408163265306123,0.4489795918367347,0.12244897959183673,0.09183673469387756
2022-05-28,0.2580268744012,0.7073797869010711,0.352112676056338,0.2112676056338028,0.4225352112676056,0.30985915492957744,0.6338028169014085,0.5070422535211268,0.3380281690140845,0.11267605633802817,0.11267605633802817
2022-05-29,0.28734100625870074,0.6532545635040771,0.23404255319148937,0.1276595744680851,0.3404255319148936,0.46808510638297873,0.7659574468085106,0.40425531914893614,0.40425531914893614,0.1702127659574468,0.0851063829787234
2022-05-30,0.27296690895872294,0.6635263517217816,0.3018867924528302,0.11320754716981132,0.2641509433962264,0.32075471698113206,0.6792452830188679,0.5849056603773585,0.4716981132075472,0.1509433962264151,0.11320754716981132
2022-05-31,0.2892276402832805,0.6515169575594474,0.21739130434782608,0.2028985507246377,0.30434782608695654,0.3333333333333333,0.6086956521739131,0.5942028985507246,0.5072463768115942,0.11594202898550725,0.11594202898550725
2022-06-01,0.24587806670562082,0.7030851316192875,0.20652173913043478,0.20652173913043478,0.2826086956521739,0.5,0.7065217391304348,0.5217391304347826,0.31521739130434784,0.10869565217391304,0.15217391304347827
2022-06-02,0.31725282907485963,0.6407732591629028,0.224,0.28,0.296,0.424,0.736,0.52,0.352,0.12,0.048
2022-06-03,0.1842039127161007,0.7773340751629064,0.18811881188118812,0.2722772277227723,0.3316831683168317,0.400990099009901,0.7029702970297029,0.40594059405940597,0.42574257425742573,0.11386138613861387,0.15841584158415842
2022-06-04,0.22628126123495268,0.7279974201269317,0.3157894736842105,0.24561403508771928,0.3333333333333333,0.40350877192982454,0.6491228070175439,0.3333333333333333,0.40350877192982454,0.14035087719298245,0.17543859649122806
2022-06-05,0.20630149500710623,0.7605435311794281,0.2571428571428571,0.32857142857142857,0.34285714285714286,0.34285714285714286,0.6857142857142857,0.37142857142857144,0.37142857142857144,0.15714285714285714,0.14285714285714285
2022-06-06,0.14166371747851372,0.8154468424618244,0.2125,0.25,0.325,0.4,0.675,0.5125,0.425,0.0875,0.1125
2022-06-07,0.3330415894713583,0.6343225444419475,0.3037974683544304,0.20253164556962025,0.35443037974683544,0.4936708860759494,0.6455696202531646,0.45569620253164556,0.3670886075949367,0.0759493670886076,0.10126582278481013
2022-06-08,0.21559521450715907,0.726615595817566,0.3058823529411765,0.11764705882352941,0.38823529411764707,0.3176470588235294,0.6705882352941176,0.5411764705882353,0.3764705882352941,0.16470588235294117,0.11764705882352941
2022-06-09,0.24747471193798254,0.6963879729880661,0.319672131147541,0.1885245901639344,0.36885245901639346,0.36885245901639346,0.6885245901639344,0.5491803278688525,0.38524590163934425,0.08196721311475409,0.04918032786885246
2022-06-10,0.19292288327562637,0.7487521685551906,0.1956521739130435,0.14492753623188406,0.2536231884057971,0.4057971014492754,0.7101449275362319,0.427536231884058,0.5869565217391305,0.11594202898550725,0.15942028985507245
2022-06-11,0.3310456481846896,0.6164588624780828,0.4,0.16363636363636364,0.32727272727272727,0.38181818181818183,0.6363636363636364,0.4909090909090909,0.41818181818181815,0.09090909090909091,0.09090909090909091
2022-06-12,0.3220652234859956,0.6516568446770693,0.3333333333333333,0.28205128205128205,0.3333333333333333,0.38461538461538464,0.6666666666666666,0.46153846153846156,0.358974358974359,0.07692307692307693,0.10256410256410256
2022-06-13,0.21201373471154106,0.7410890735961773,0.16666666666666666,0.2777777777777778,0.28703703703703703,0.3611111111111111,0.7407407407407407,0.42592592592592593,0.5648148148148148,0.1111111111111111,0.06481481481481481
2022-06-14,0.18988938282613885,0.7580925511987242,0.2054794520547945,0.2054794520547945,0.2054794520547945,0.3561643835616438,0.821917808219178,0.4246575342465753,0.589041095890411,0.1232876712328767,0.0684931506849315
2022-06-15,0.2730624628337947,0.6911806911230087,0.3181818181818182,0.14772727272727273,0.25,0.3522727272727273,0.7727272727272727,0.5340909090909091,0.38636363636363635,0.11363636363636363,0.125
2022-06-16,0.16681762181577228,0.7761582150345757,0.36904761904761907,0.21428571428571427,0.27380952380952384,0.30952380952380953,0.6785714285714286,0.4880952380952381,0.5119047619047619,0.09523809523809523,0.05952380952380952
2022-06-17,0.22938980031431766,0.7353531111750686,0.2631578947368421,0.24561403508771928,0.22807017543859648,0.42105263157894735,0.5789473684210527,0.5614035087719298,0.5263157894736842,0.08771929824561403,0.08771929824561403
2022-06-18,0.4051424132453071,0.5513329855979435,0.3968253968253968,0.15873015873015872,0.3968253968253968,0.47619047619047616,0.6349206349206349,0.4126984126984127,0.3968253968253968,0.047619047619047616,0.07936507936507936
2022-06-19,0.2910441081774862,0.6527520198571054,0.2631578947368421,0.2631578947368421,0.3684210526315789,0.5263157894736842,0.5789473684210527,0.42105263157894735,0.34210526315789475,0.15789473684210525,0.07894736842105263
2022-06-20,0.37242500696863445,0.560026072320484,0.47619047619047616,0.14285714285714285,0.30952380952380953,0.5476190476190477,0.6428571428571429,0.5476190476190477,0.19047619047619047,0.047619047619047616,0.09523809523809523
2022-06-21,0.33618643202564935,0.6150835359638388,0.3068181818181818,0.14772727272727273,0.29545454545454547,0.45454545454545453,0.6363636363636364,0.6136363636363636,0.3522727272727273,0.14772727272727273,0.045454545454545456
2022-06-22,0.3340630421833116,0.6158662189026268,0.41836734693877553,0.22448979591836735,0.40816326530612246,0.3163265306122449,0.6326530612244898,0.45918367346938777,0.3469387755102041,0.09183673469387756,0.10204081632653061
2022-06-23,0.18758888428027815,0.7708596633030818,0.2948717948717949,0.3076923076923077,0.32051282051282054,0.3076923076923077,0.7307692307692307,0.358974358974359,0.47435897435897434,0.1282051282051282,0.07692307692307693
2022-06-24,0.2770039494390841,0.6935031093932964,0.35185185185185186,0.16666666666666666,0.2962962962962963,0.42592592592592593,0.5185185185185185,0.5925925925925926,0.48148148148148145,0.12962962962962962,0.037037037037037035
2022-06-25,0.24179876893758773,0.7168062061071396,0.425,0.15,0.325,0.525,0.475,0.5,0.35,0.15,0.1
2022-06-26,0.270226685290641,0.6838804090276678,0.3617021276595745,0.10638297872340426,0.2978723404255319,0.425531914893617,0.6382978723404256,0.46808510638297873,0.44680851063829785,0.10638297872340426,0.14893617021276595
2022-06-27,0.33844365373901697,0.6201597724271857,0.30434782608695654,0.043478260869565216,0.391304347826087,0.43478260869565216,0.6739130434782609,0.6521739130434783,0.2826086956521739,0.15217391304347827,0.06521739130434782
2022-06-28,0.21892766303875866,0.7216682048404918,0.3382352941176471,0.10294117647058823,0.38235294117647056,0.39705882352941174,0.6764705882352942,0.5735294117647058,0.38235294117647056,0.058823529411764705,0.08823529411764706
2022-06-29,0.18734028413891793,0.7569070793688297,0.275,0.2,0.3,0.475,0.6375,0.6125,0.3375,0.1,0.0625
2022-06-30,0.19919751449064774,0.741722939850448,0.23376623376623376,0.23376623376623376,0.24675324675324675,0.4155844155844156,0.7012987012987013,0.5324675324675324,0.4025974025974026,0.14285714285714285,0.09090909090909091
2022-07-01,0.29315470002199473,0.6607794063655954,0.3026315789473684,0.19736842105263158,0.27631578947368424,0.3815789473684211,0.5789473684210527,0.631578947368421,0.40789473684210525,0.14473684210526316,0.07894736842105263
2022-07-02,0.39937272699255694,0.5435383495531584,0.37894736842105264,0.18947368421052632,0.3473684210526316,0.42105263157894735,0.7052631578947368,0.45263157894736844,0.3684210526315789,0.09473684210526316,0.042105263157894736
2022-07-03,0.3709174724335366,0.6042652041354077,0.5106382978723404,0.0851063829787234,0.48936170212765956,0.2127659574468085,0.7446808510638298,0.40425531914893614,0.2553191489361702,0.23404255319148937,0.06382978723404255
2022-07-04,0.2788400491889642,0.6826829776471975,0.4489795918367347,0.16326530612244897,0.3673469387755102,0.4897959183673469,0.673469387755102,0.46938775510204084,0.32653061224489793,0.02040816326530612,0.04081632653061224
2022-07-05,0.19952540480813316,0.7503277333669884,0.36046511627906974,0.23255813953488372,0.29069767441860467,0.3372093023255814,0.6162790697674418,0.5465116279069767,0.4186046511627907,0.10465116279069768,0.09302325581395349
2022-07-06,0.27095780082238025,0.6542144952676235,0.38461538461538464,0.11538461538461539,0.32051282051282054,0.32051282051282054,0.7307692307692307,0.4230769230769231,0.47435897435897434,0.1282051282051282,0.10256410256410256
2022-07-07,0.20059804467187412,0.7439729450405508,0.2898550724637681,0.2318840579710145,0.2898550724637681,0.4057971014492754,0.5507246376811594,0.5797101449275363,0.43478260869565216,0.11594202898550725,0.10144927536231885
2022-07-08,0.30429603394709137,0.6329219356963509,0.23684210526315788,0.2719298245614035,0.2807017543859649,0.41228070175438597,0.6403508771929824,0.5614035087719298,0.4298245614035088,0.07894736842105263,0.08771929824561403
2022-07-09,0.242793218564179,0.6896735884375491,0.2711864406779661,0.13559322033898305,0.2542372881355932,0.5423728813559322,0.5423728813559322,0.5254237288135594,0.559322033898305,0.11864406779661017,0.05084745762711865
2022-07-10,0.31026064208213316,0.6298882733000085,0.3404255319148936,0.10638297872340426,0.2978723404255319,0.5957446808510638,0.5531914893617021,0.5957446808510638,0.2765957446808511,0.10638297872340426,0.1276595744680851
2022-07-11,0.2294866727458106,0.7382655594083998,0.2111111111111111,0.35555555555555557,0.25555555555555554,0.37777777777777777,0.6111111111111112,0.5333333333333333,0.45555555555555555,0.1111111111111111,0.08888888888888889
2022-07-12,0.303299736666989,0.6619611173481136,0.16883116883116883,0.2597402597402597,0.37662337662337664,0.35064935064935066,0.7272727272727273,0.5454545454545454,0.4025974025974026,0.06493506493506493,0.1038961038961039
2022-07-13,0.2886685562563372,0.6577604316376351,0.34234234234234234,0.16216216216216217,0.25225225225225223,0.43243243243243246,0.6126126126126126,0.5855855855855856,0.4144144144144144,0.05405405405405406,0.14414414414414414
2022-07-14,0.17596933841705323,0.7453735738992691,0.3125,0.2875,0.2,0.375,0.6125,0.5625,0.4375,0.125,0.0875
2022-07-15,0.2122385164965754,0.7414954632952593,0.2608695652173913,0.17391304347826086,0.3333333333333333,0.2608695652173913,0.6376811594202898,0.5652173913043478,0.5072463768115942,0.18840579710144928,0.07246376811594203
2022-07-16,0.33062841381345476,0.6101625476564679,0.2857142857142857,0.08571428571428572,0.34285714285714286,0.37142857142857144,0.8,0.42857142857142855,0.34285714285714286,0.22857142857142856,0.11428571428571428
2022-07-17,0.21943765736761547,0.7331269908519018,0.2619047619047619,0.14285714285714285,0.38095238095238093,0.2619047619047619,0.7380952380952381,0.5,0.5714285714285714,0.07142857142857142,0.07142857142857142
2022-07-18,0.2416601296394102,0.7096309796456368,0.12903225806451613,0.16129032258064516,0.41935483870967744,0.3870967741935484,0.6935483870967742,0.4838709677419355,0.532258064516129,0.16129032258064516,0.03225806451612903
2022-07-19,0.21950564476159903,0.7236500657521762,0.2857142857142857,0.17582417582417584,0.1978021978021978,0.34065934065934067,0.7142857142857143,0.5934065934065934,0.4065934065934066,0.0989010989010989,0.18681318681318682
2022-07-20,0.24168973119728626,0.7123585728907674,0.20074349442379183,0.18587360594795538,0.24535315985130113,0.36059479553903345,0.7434944237918215,0.37174721189591076,0.7026022304832714,0.13011152416356878,0.05947955390334572
2022-07-21,0.30195722597927305,0.6545781753770071,0.23618090452261306,0.18592964824120603,0.24120603015075376,0.4472361809045226,0.6733668341708543,0.44221105527638194,0.592964824120603,0.11557788944723618,0.06532663316582915
2022-07-22,0.24993148082640113,0.7223792105186276,0.25609756097560976,0.25609756097560976,0.23170731707317074,0.35365853658536583,0.6219512195121951,0.47560975609756095,0.5121951219512195,0.2073170731707317,0.08536585365853659
2022-07-23,0.32125285764535266,0.631212638070186,0.25,0.20833333333333334,0.3125,0.375,0.6875,0.4791666666666667,0.4583333333333333,0.14583333333333334,0.08333333333333333
2022-07-24,0.2217805719957119,0.7298763801411885,0.2926829268292683,0.17073170731707318,0.24390243902439024,0.43902439024390244,0.6585365853658537,0.4634146341463415,0.43902439024390244,0.1951219512195122,0.0975609756097561
2022-07-25,0.30025059836251394,0.6442967277197611,0.3333333333333333,0.11904761904761904,0.2619047619047619,0.5,0.6785714285714286,0.4166666666666667,0.4523809523809524,0.16666666666666666,0.07142857142857142
2022-07-26,0.25024581582922684,0.7130658830467024,0.23684210526315788,0.27631578947368424,0.23684210526315788,0.2631578947368421,0.7105263157894737,0.47368421052631576,0.6052631578947368,0.14473684210526316,0.05263157894736842
2022-07-27,0.23290787613581096,0.7360290837666345,0.2698412698412698,0.20634920634920634,0.3333333333333333,0.25396825396825395,0.6984126984126984,0.4603174603174603,0.5396825396825397,0.19047619047619047,0.047619047619047616
2022-07-28,0.2272117262358194,0.7284647809280144,0.3076923076923077,0.15384615384615385,0.23076923076923078,0.38461538461538464,0.5824175824175825,0.4835164835164835,0.6263736263736264,0.03296703296703297,0.1978021978021978
2022-07-29,0.24186191918714992,0.7127633533387814,0.20754716981132076,0.1509433962264151,0.2830188679245283,0.42452830188679247,0.6132075471698113,0.5377358490566038,0.5471698113207547,0.10377358490566038,0.1320754716981132
2022-07-30,0.2065951453314887,0.7424422489272223,0.4222222222222222,0.24444444444444444,0.28888888888888886,0.4888888888888889,0.5555555555555556,0.4888888888888889,0.35555555555555557,0.08888888888888889,0.06666666666666667
2022-07-31,0.38391671529630333,0.5694460868835449,0.2682926829268293,0.12195121951219512,0.36585365853658536,0.4878048780487805,0.6585365853658537,0.5365853658536586,0.4146341463414634,0.07317073170731707,0.07317073170731707
2022-08-01,0.33282096860229327,0.6206130821217772,0.26881720430107525,0.15053763440860216,0.3763440860215054,0.4731182795698925,0.6989247311827957,0.5483870967741935,0.3655913978494624,0.043010752688172046,0.07526881720430108
2022-08-02,0.2826663091264922,0.6421206408533556,0.2413793103448276,0.16091954022988506,0.28735632183908044,0.39080459770114945,0.6896551724137931,0.5287356321839081,0.47126436781609193,0.13793103448275862,0.09195402298850575
2022-08-03,0.3408623252596174,0.611127101458036,0.18681318681318682,0.15384615384615385,0.2087912087912088,0.4945054945054945,0.8021978021978022,0.43956043956043955,0.4945054945054945,0.12087912087912088,0.0989010989010989
2022-08-04,0.41060025178029863,0.5300850729028622,0.25149700598802394,0.17964071856287425,0.2694610778443114,0.4491017964071856,0.5568862275449101,0.47904191616766467,0.49700598802395207,0.12574850299401197,0.19161676646706588
2022-08-05,0.25022805507491236,0.7019498036021278,0.21768707482993196,0.20408163265306123,0.32653061224489793,0.43537414965986393,0.6394557823129252,0.4013605442176871,0.5918367346938775,0.08843537414965986,0.09523809523809523
2022-08-06,0.32529551754979524,0.6219943411210004,0.27941176470588236,0.25,0.27941176470588236,0.5882352941176471,0.45588235294117646,0.5441176470588235,0.4411764705882353,0.029411764705882353,0.1323529411764706
2022-08-07,0.25411295269926387,0.6873207725584507,0.3333333333333333,0.125,0.2916666666666667,0.4375,0.625,0.5,0.4583333333333333,0.14583333333333334,0.08333333333333333
2022-08-08,0.27420405787650987,0.6654097407755225,0.30303030303030304,0.1414141414141414,0.30303030303030304,0.32323232323232326,0.6464646464646465,0.5656565656565656,0.5454545454545454,0.1111111111111111,0.06060606060606061
2022-08-09,0.24699647921436238,0.710985188776592,0.3018867924528302,0.22641509433962265,0.2358490566037736,0.39622641509433965,0.6698113207547169,0.5660377358490566,0.46226415094339623,0.07547169811320754,0.0660377358490566
2022-08-10,0.1967563383887259,0.7603740161685852,0.18660287081339713,0.20574162679425836,0.22488038277511962,0.42105263157894735,0.6507177033492823,0.3588516746411483,0.6698564593301436,0.15789473684210525,0.12440191387559808
2022-08-11,0.26988941556528995,0.6933216791403921,0.2631578947368421,0.28421052631578947,0.3368421052631579,0.4,0.5894736842105263,0.4631578947368421,0.4105263157894737,0.10526315789473684,0.14736842105263157
2022-08-12,0.24045571955767545,0.6972734530766805,0.2828282828282828,0.13131313131313133,0.36363636363636365,0.3838383838383838,0.6363636363636364,0.6060606060606061,0.43434343434343436,0.08080808080808081,0.08080808080808081
2022-08-13,0.23636799444586543,0.7057966266648245,0.2542372881355932,0.15254237288135594,0.3898305084745763,0.3728813559322034,0.6779661016949152,0.559322033898305,0.4067796610169492,0.0847457627118644,0.1016949152542373
2022-08-14,0.3775379828044346,0.5908341908029148,0.21428571428571427,0.14285714285714285,0.32142857142857145,0.5714285714285714,0.7142857142857143,0.5178571428571429,0.2857142857142857,0.16071428571428573,0.07142857142857142
2022-08-15,0.2571452066065773,0.6768815952634054,0.23015873015873015,0.20634920634920634,0.3492063492063492,0.3888888888888889,0.6984126984126984,0.6031746031746031,0.3888888888888889,0.07936507936507936,0.05555555555555555
2022-08-16,0.2336852925339925,0.7259988944555066,0.30927835051546393,0.14432989690721648,0.31958762886597936,0.4536082474226804,0.7319587628865979,0.5257731958762887,0.4020618556701031,0.07216494845360824,0.041237113402061855
2022-08-17,0.2368075324141461,0.7079807898272639,0.2782608695652174,0.24347826086956523,0.3217391304347826,0.40869565217391307,0.6869565217391305,0.4434782608695652,0.4260869565217391,0.10434782608695652,0.08695652173913043
2022-08-18,0.29414207779842877,0.6665731467630552,0.358695652173913,0.1956521739130435,0.3804347826086957,0.391304347826087,0.6956521739130435,0.5108695652173914,0.2826086956521739,0.11956521739130435,0.06521739130434782
2022-08-19,0.37076647053746614,0.5741045273402158,0.20588235294117646,0.17647058823529413,0.4852941176470588,0.4264705882352941,0.6617647058823529,0.5294117647058824,0.35294117647058826,0.07352941176470588,0.08823529411764706
2022-08-20,0.3617974281311035,0.6012216157383389,0.3111111111111111,0.2,0.4,0.4888888888888889,0.6,0.5555555555555556,0.24444444444444444,0.1111111111111111,0.08888888888888889
2022-08-21,0.4722531281984769,0.4726200516407306,0.3384615384615385,0.12307692307692308,0.4307692307692308,0.35384615384615387,0.7230769230769231,0.47692307692307695,0.4461538461538462,0.09230769230769231,0.015384615384615385
2022-08-22,0.31662578105926514,0.6455947077274322,0.29,0.17,0.32,0.34,0.69,0.48,0.47,0.2,0.04
2022-08-23,0.22425295114517213,0.7418736982345581,0.18,0.21,0.19,0.5,0.77,0.55,0.38,0.06,0.16
2022-08-24,0.2542370004313333,0.7085544009293828,0.22321428571428573,0.23214285714285715,0.24107142857142858,0.35714285714285715,0.6696428571428571,0.5446428571428571,0.49107142857142855,0.13392857142857142,0.10714285714285714
2022-08-25,0.2242303574588937,0.7272387419787931,0.23943661971830985,0.19718309859154928,0.24647887323943662,0.4084507042253521,0.6197183098591549,0.5422535211267606,0.5915492957746479,0.1056338028169014,0.04929577464788732
2022-08-26,0.30461949574482905,0.6599144076372122,0.19480519480519481,0.15584415584415584,0.2857142857142857,0.37662337662337664,0.6493506493506493,0.6233766233766234,0.5324675324675324,0.07792207792207792,0.1038961038961039
2022-08-27,0.21773462570630586,0.747484314441681,0.47692307692307695,0.27692307692307694,0.35384615384615387,0.4307692307692308,0.5538461538461539,0.4461538461538462,0.27692307692307694,0.15384615384615385,0.03076923076923077
2022-08-28,0.2251498419227022,0.7300220881447648,0.45454545454545453,0.3181818181818182,0.2878787878787879,0.45454545454545453,0.5757575757575758,0.42424242424242425,0.25757575757575757,0.16666666666666666,0.06060606060606061
2022-08-29,0.2982319339938547,0.6531525137780727,0.2988505747126437,0.19540229885057472,0.3793103448275862,0.4942528735632184,0.6436781609195402,0.45977011494252873,0.3448275862068966,0.12643678160919541,0.05747126436781609
2022-08-30,0.26963033816393683,0.6730052702567156,0.23529411764705882,0.16470588235294117,0.4,0.4117647058823529,0.6823529411764706,0.47058823529411764,0.43529411764705883,0.1411764705882353,0.058823529411764705
2022-08-31,0.37513747718185186,0.5476390710100532,0.28125,0.203125,0.375,0.375,0.703125,0.46875,0.375,0.171875,0.046875
2022-09-01,0.3099863338164794,0.6593292202704992,0.21794871794871795,0.14102564102564102,0.3333333333333333,0.4230769230769231,0.6410256410256411,0.5512820512820513,0.4230769230769231,0.19230769230769232,0.07692307692307693
2022-09-02,0.2965748415639003,0.6384311933070421,0.23958333333333334,0.1875,0.2604166666666667,0.4895833333333333,0.6979166666666666,0.5208333333333334,0.4479166666666667,0.09375,0.0625
2022-09-03,0.3890102189414355,0.5660808852740696,0.2857142857142857,0.08163265306122448,0.3877551020408163,0.40816326530612246,0.6938775510204082,0.40816326530612246,0.46938775510204084,0.20408163265306123,0.061224489795918366
2022-09-04,0.33156517289933707,0.6102073405470166,0.42857142857142855,0.047619047619047616,0.5238095238095238,0.5,0.5238095238095238,0.5238095238095238,0.30952380952380953,0.14285714285714285,0.0
2022-09-05,0.2636274865695408,0.6941766960280282,0.37142857142857144,0.14285714285714285,0.37142857142857144,0.4,0.6,0.6285714285714286,0.37142857142857144,0.11428571428571428,0.0
2022-09-06,0.32463091103042047,0.6319684335371343,0.32926829268292684,0.1951219512195122,0.43902439024390244,0.32926829268292684,0.6219512195121951,0.4024390243902439,0.34146341463414637,0.24390243902439024,0.0975609756097561
2022-09-07,0.3313588292411204,0.607925369498435,0.34831460674157305,0.14606741573033707,0.2808988764044944,0.4044943820224719,0.7078651685393258,0.5730337078651685,0.29213483146067415,0.19101123595505617,0.056179775280898875
2022-09-08,0.3590405943629506,0.6083443177925362,0.3076923076923077,0.16483516483516483,0.3516483516483517,0.43956043956043955,0.6703296703296703,0.5824175824175825,0.31868131868131866,0.10989010989010989,0.054945054945054944
2022-09-09,0.29269211882292623,0.6594889657665984,0.24242424242424243,0.10101010101010101,0.4444444444444444,0.3939393939393939,0.6868686868686869,0.6161616161616161,0.31313131313131315,0.15151515151515152,0.050505050505050504
2022-09-10,0.26114877333512176,0.693352763717239,0.4594594594594595,0.16216216216216217,0.40540540540540543,0.3783783783783784,0.6486486486486487,0.43243243243243246,0.2702702702702703,0.1891891891891892,0.05405405405405406
2022-09-11,0.3285149733225505,0.5990064199324008,0.42592592592592593,0.16666666666666666,0.3333333333333333,0.42592592592592593,0.5925925925925926,0.6111111111111112,0.2777777777777778,0.09259259259259259,0.07407407407407407
2022-09-12,0.20095810805048261,0.7495523793356759,0.3,0.11428571428571428,0.3,0.42857142857142855,0.6285714285714286,0.4857142857142857,0.5285714285714286,0.18571428571428572,0.02857142857142857
2022-09-13,0.23001060257219288,0.7282630752210748,0.2191780821917808,0.2054794520547945,0.3424657534246575,0.3424657534246575,0.684931506849315,0.4794520547945205,0.4520547945205479,0.1780821917808219,0.0958904109589041
2022-09-14,0.22418639891677433,0.7301435862426404,0.3055555555555556,0.26851851851851855,0.2777777777777778,0.37037037037037035,0.6481481481481481,0.4722222222222222,0.4444444444444444,0.17592592592592593,0.037037037037037035
2022-09-15,0.34031389368341325,0.6201267286818078,0.2872340425531915,0.20212765957446807,0.3404255319148936,0.39361702127659576,0.6702127659574468,0.5,0.40425531914893614,0.1595744680851064,0.0425531914893617
2022-09-16,0.3721030234086393,0.583246896363268,0.32323232323232326,0.15151515151515152,0.37373737373737376,0.45454545454545453,0.5454545454545454,0.5252525252525253,0.45454545454545453,0.1111111111111111,0.06060606060606061
2022-09-17,0.29217482988650983,0.6511566581634375,0.40384615384615385,0.17307692307692307,0.3076923076923077,0.4423076923076923,0.7307692307692307,0.5384615384615384,0.25,0.11538461538461539,0.038461538461538464
2022-09-18,0.14435546915486175,0.7860511698812809,0.2830188679245283,0.11320754716981132,0.20754716981132076,0.49056603773584906,0.6226415094339622,0.660377358490566,0.41509433962264153,0.1509433962264151,0.05660377358490566
2022-09-19,0.4312482085721246,0.5220599736290417,0.3333333333333333,0.1839080459770115,0.45977011494252873,0.27586206896551724,0.632183908045977,0.6091954022988506,0.3448275862068966,0.08045977011494253,0.08045977011494253
2022-09-20,0.2577218141084836,0.7062105558536671,0.30864197530864196,0.16049382716049382,0.2839506172839506,0.30864197530864196,0.7283950617283951,0.5185185185185185,0.5061728395061729,0.12345679012345678,0.06172839506172839
2022-09-21,0.21411944870595578,0.7355563210116493,0.18518518518518517,0.2037037037037037,0.2777777777777778,0.3333333333333333,0.7037037037037037,0.3888888888888889,0.6481481481481481,0.18518518518518517,0.07407407407407407
2022-09-22,0.24508180101233792,0.7098989594413574,0.30120481927710846,0.18072289156626506,0.24096385542168675,0.37349397590361444,0.6987951807228916,0.6144578313253012,0.4578313253012048,0.060240963855421686,0.07228915662650602
2022-09-23,0.24844423768132232,0.7059691458247429,0.19767441860465115,0.2441860465116279,0.3023255813953488,0.4883720930232558,0.5697674418604651,0.5348837209302325,0.47674418604651164,0.11627906976744186,0.06976744186046512
2022-09-24,0.24525092142384228,0.7019880995517824,0.4146341463414634,0.21951219512195122,0.24390243902439024,0.34146341463414637,0.5609756097560976,0.6829268292682927,0.3902439024390244,0.07317073170731707,0.07317073170731707
2022-09-25,0.21633349855740866,0.7228816052277883,0.2777777777777778,0.1388888888888889,0.2777777777777778,0.3888888888888889,0.6388888888888888,0.6666666666666666,0.3333333333333333,0.25,0.027777777777777776
2022-09-26,0.28286292403936386,0.6602087095379829,0.2916666666666667,0.20833333333333334,0.375,0.4305555555555556,0.5555555555555556,0.4722222222222222,0.4027777777777778,0.1527777777777778,0.1111111111111111
2022-09-27,0.19050188415190752,0.7605871523127836,0.18823529411764706,0.1411764705882353,0.4235294117647059,0.5176470588235295,0.6,0.5764705882352941,0.3764705882352941,0.08235294117647059,0.09411764705882353
2022-09-28,0.27491377751032514,0.6830405100186666,0.37333333333333335,0.14666666666666667,0.24,0.41333333333333333,0.6533333333333333,0.56,0.36,0.13333333333333333,0.12
2022-09-29,0.253084507074442,0.7065395412144361,0.3063063063063063,0.26126126126126126,0.32432432432432434,0.36936936936936937,0.6576576576576577,0.4954954954954955,0.36036036036036034,0.18018018018018017,0.04504504504504504
